{"data": {"log_version": 3, "version": "=1.7.15"}, "info": {"category": "", "code": "A001", "extra": {}, "invocation_id": "24100cba-1707-4b8a-a705-76abfa09f5ce", "level": "info", "msg": "Running with dbt=1.7.15", "name": "MainReportVersion", "pid": 198, "thread": "MainThread", "ts": "2024-06-10T11:42:00.398770Z"}}
{"data": {"exc": "Parsing Error\n  Env var required but not provided: 'DBT_HIVE_SCHEMA'"}, "info": {"category": "", "code": "Z002", "extra": {}, "invocation_id": "24100cba-1707-4b8a-a705-76abfa09f5ce", "level": "error", "msg": "Encountered an error:\nParsing Error\n  Env var required but not provided: 'DBT_HIVE_SCHEMA'", "name": "MainEncounteredError", "pid": 198, "thread": "MainThread", "ts": "2024-06-10T11:42:00.432426Z"}}
